language,id,text,file,node,lineNumber,lock,comment,
nl,line:0278c08,Speler: Hallo,D:\Interactive Storytelling\InteractiveStorytelling2526\Assets\Dialogue\MyStoryScript.yarn,Start,3,6443b3bd,,
nl,line:0b447a5,NPC: Hallo, dit is een voorbeeld van lokalisatie.,D:\Interactive Storytelling\InteractiveStorytelling2526\Assets\Dialogue\MyStoryScript.yarn,Start,4,6d62efd6,Line metadata: lastline
nl,line:0909db8,Leuk,D:\Interactive Storytelling\InteractiveStorytelling2526\Assets\Dialogue\MyStoryScript.yarn,Start,5,4fdc1c84,,
nl,line:0c80885,Speler: goed idee zeg!,D:\Interactive Storytelling\InteractiveStorytelling2526\Assets\Dialogue\MyStoryScript.yarn,Start,6,0aea84bf,,
nl,line:0eadbfb,NPC: toch!,D:\Interactive Storytelling\InteractiveStorytelling2526\Assets\Dialogue\MyStoryScript.yarn,Start,7,67d2c3e8,,
nl,line:003c677,Saai,D:\Interactive Storytelling\InteractiveStorytelling2526\Assets\Dialogue\MyStoryScript.yarn,Start,8,8e6f6598,,
nl,line:0ea3fe2,Speler: best wel saai eigenlijk,D:\Interactive Storytelling\InteractiveStorytelling2526\Assets\Dialogue\MyStoryScript.yarn,Start,9,f5f482ae,,
nl,line:0c6804e,NPC: onbeleefd!,D:\Interactive Storytelling\InteractiveStorytelling2526\Assets\Dialogue\MyStoryScript.yarn,Start,10,71b54ea8,,
nl,line:0a59a3d,plz werk,F:\cmgt projects\interactive\Interactive\InteractiveStorytelling2526\Assets\Dialogue\MyStoryScript.yarn,Start,6,f5178dbb,,
nl,line:2,hallllo,F:\cmgt projects\interactive\Interactive\InteractiveStorytelling2526\Assets\Dialogue\MyStoryScript.yarn,Start,8,364ec3da,Line metadata: lastline,
nl,line:0cb76b6,hallllo,F:\cmgt projects\interactive\Interactive\InteractiveStorytelling2526\Assets\Dialogue\MyStoryScript.yarn,Start,10,c04d96ad,,
nl,line:0109ad5,,F:\cmgt projects\interactive\Interactive\InteractiveStorytelling2526\Assets\Dialogue\MyStoryScript.yarn,Start,11,c5915733,,
nl,line:0ab0551,dddd,F:\cmgt projects\interactive\Interactive\InteractiveStorytelling2526\Assets\Dialogue\MyStoryScript.yarn,Start,12,68016a3c,Line metadata: lastline,
nl,line:0ee2251,,F:\cmgt projects\interactive\Interactive\InteractiveStorytelling2526\Assets\Dialogue\MyStoryScript.yarn,Start,13,c04d96ad,,
nl,line:08c08e9,hallllo,F:\cmgt projects\interactive\Interactive\InteractiveStorytelling2526\Assets\Dialogue\MyStoryScript.yarn,Start,14,c5915733,,
nl,line:0091a3c,,F:\cmgt projects\interactive\Interactive\InteractiveStorytelling2526\Assets\Dialogue\MyStoryScript.yarn,Start,16,b23411f1,,
nl,line:02f64f4,hallllo,F:\cmgt projects\interactive\Interactive\InteractiveStorytelling2526\Assets\Dialogue\MyStoryScript.yarn,Start,17,dcdee456,,
nl,line:0178069,,F:\cmgt projects\interactive\Interactive\InteractiveStorytelling2526\Assets\Dialogue\MyStoryScript.yarn,Start,18,8cd362cf,,
nl,line:0b22785,,F:\cmgt projects\interactive\Interactive\InteractiveStorytelling2526\Assets\Dialogue\MyStoryScript.yarn,Start,19,fff4f0f0,,
nl,line:0acfbcb,(NEEDS UPDATE) ,F:\cmgt projects\interactive\Interactive\InteractiveStorytelling2526\Assets\Dialogue\MyStoryScript.yarn,Start,21,9d4449f0,,
nl,line:0aa7e3f,(NEEDS UPDATE) ,F:\cmgt projects\interactive\Interactive\InteractiveStorytelling2526\Assets\Dialogue\MyStoryScript.yarn,Start,22,79a0e4d2,,
nl,line:02c75f9,,F:\cmgt projects\interactive\Interactive\InteractiveStorytelling2526\Assets\Dialogue\MyStoryScript.yarn,Start,23,b763ba33,,
nl,line:03e31e7,hallllo,F:\cmgt projects\interactive\Interactive\InteractiveStorytelling2526\Assets\Dialogue\MyStoryScript.yarn,Start,26,b23411f1,,
nl,line:06fc03e,,F:\cmgt projects\interactive\Interactive\InteractiveStorytelling2526\Assets\Dialogue\MyStoryScript.yarn,Start,27,dcdee456,,
nl,line:05d80b9,,F:\cmgt projects\interactive\Interactive\InteractiveStorytelling2526\Assets\Dialogue\MyStoryScript.yarn,Start,28,8cd362cf,,
nl,line:04d99a8,hallllo,F:\cmgt projects\interactive\Interactive\InteractiveStorytelling2526\Assets\Dialogue\MyStoryScript.yarn,Start,29,fff4f0f0,Line metadata: lastline,
nl,line:0663a47,,F:\cmgt projects\interactive\Interactive\InteractiveStorytelling2526\Assets\Dialogue\MyStoryScript.yarn,Start,30,21679e4b,,
nl,line:0e02ec5,,F:\cmgt projects\interactive\Interactive\InteractiveStorytelling2526\Assets\Dialogue\MyStoryScript.yarn,Start,31,204ac7ae,,
nl,line:0ba1247,,F:\cmgt projects\interactive\Interactive\InteractiveStorytelling2526\Assets\Dialogue\MyStoryScript.yarn,Start,32,65ed6355,,
nl,line:08dc9dc,,F:\cmgt projects\interactive\Interactive\InteractiveStorytelling2526\Assets\Dialogue\MyStoryScript.yarn,Start,34,e985008e,,
nl,line:061a225,,F:\cmgt projects\interactive\Interactive\InteractiveStorytelling2526\Assets\Dialogue\MyStoryScript.yarn,Start,35,4aaf59d3,,
nl,line:078c777,,F:\cmgt projects\interactive\Interactive\InteractiveStorytelling2526\Assets\Dialogue\MyStoryScript.yarn,Start,36,a89b03a7,,
nl,line:0e1ab72,,F:\cmgt projects\interactive\Interactive\InteractiveStorytelling2526\Assets\Dialogue\MyStoryScript.yarn,Start,38,21679e4b,,
nl,line:0d0223c,,F:\cmgt projects\interactive\Interactive\InteractiveStorytelling2526\Assets\Dialogue\MyStoryScript.yarn,Start,39,204ac7ae,,
nl,line:0083af7,,F:\cmgt projects\interactive\Interactive\InteractiveStorytelling2526\Assets\Dialogue\MyStoryScript.yarn,Start,40,65ed6355,,
nl,line:072651a,,F:\cmgt projects\interactive\Interactive\InteractiveStorytelling2526\Assets\Dialogue\MyStoryScript.yarn,Start,42,623a349d,,
nl,line:0731a7a,,F:\cmgt projects\interactive\Interactive\InteractiveStorytelling2526\Assets\Dialogue\MyStoryScript.yarn,Start,43,ae3c000f,,
nl,line:08a31c1,,F:\cmgt projects\interactive\Interactive\InteractiveStorytelling2526\Assets\Dialogue\MyStoryScript.yarn,Start,44,44817c36,,
nl,line:08840cf,,F:\cmgt projects\interactive\Interactive\InteractiveStorytelling2526\Assets\Dialogue\MyStoryScript.yarn,WakingUp,52,c0b8efab,,
nl,line:06f1667,,F:\cmgt projects\interactive\Interactive\InteractiveStorytelling2526\Assets\Dialogue\MyStoryScript.yarn,WakingUp,53,b5f7f4eb,,
nl,line:023ce7c,,F:\cmgt projects\interactive\Interactive\InteractiveStorytelling2526\Assets\Dialogue\MyStoryScript.yarn,WakingUp,55,b0f082d4,,
nl,line:042325e,,F:\cmgt projects\interactive\Interactive\InteractiveStorytelling2526\Assets\Dialogue\MyStoryScript.yarn,WakingUp,57,4d4c5590,Line metadata: lastline,
nl,line:096fd81,,F:\cmgt projects\interactive\Interactive\InteractiveStorytelling2526\Assets\Dialogue\MyStoryScript.yarn,WakingUp,58,bcd42fa2,,
nl,line:0377832,,F:\cmgt projects\interactive\Interactive\InteractiveStorytelling2526\Assets\Dialogue\MyStoryScript.yarn,WakingUp,59,1eed6cd0,,
nl,line:03dbc90,,F:\cmgt projects\interactive\Interactive\InteractiveStorytelling2526\Assets\Dialogue\MyStoryScript.yarn,WakingUp,61,0818ab25,,
nl,line:0ecd675,,F:\cmgt projects\interactive\Interactive\InteractiveStorytelling2526\Assets\Dialogue\MyStoryScript.yarn,WakingUp,62,b08e6807,,
nl,line:0a08b90,,F:\cmgt projects\interactive\Interactive\InteractiveStorytelling2526\Assets\Dialogue\MyStoryScript.yarn,WakingUp,64,b7bcee45,,
nl,line:02e2167,,F:\cmgt projects\interactive\Interactive\InteractiveStorytelling2526\Assets\Dialogue\MyStoryScript.yarn,WakingUp,66,4d06c206,,
nl,line:0a62fd8,,F:\cmgt projects\interactive\Interactive\InteractiveStorytelling2526\Assets\Dialogue\MyStoryScript.yarn,WakingUp,67,a79fb4ef,,
nl,line:02bbada,,F:\cmgt projects\interactive\Interactive\InteractiveStorytelling2526\Assets\Dialogue\MyStoryScript.yarn,WakingUp,68,580253dc,,
nl,line:0ca11ac,,F:\cmgt projects\interactive\Interactive\InteractiveStorytelling2526\Assets\Dialogue\MyStoryScript.yarn,WakingUp,69,b08e6807,,
nl,line:0f5f05e,,F:\cmgt projects\interactive\Interactive\InteractiveStorytelling2526\Assets\Dialogue\MyStoryScript.yarn,WakingUp,70,947421a3,,
nl,line:0c98097,,F:\cmgt projects\interactive\Interactive\InteractiveStorytelling2526\Assets\Dialogue\MyStoryScript.yarn,WakingUp,71,864f9da9,,
nl,line:0215e69,,F:\cmgt projects\interactive\Interactive\InteractiveStorytelling2526\Assets\Dialogue\MyStoryScript.yarn,ForcingTheDoor,82,5c015185,,
nl,line:0606097,,F:\cmgt projects\interactive\Interactive\InteractiveStorytelling2526\Assets\Dialogue\MyStoryScript.yarn,ForcingTheDoor,85,2f054cc2,,
nl,line:01e3ddc,,F:\cmgt projects\interactive\Interactive\InteractiveStorytelling2526\Assets\Dialogue\MyStoryScript.yarn,ForcingTheDoor,86,34c11892,,
nl,line:0b723d1,(NEEDS UPDATE) ,F:\cmgt projects\interactive\Interactive\InteractiveStorytelling2526\Assets\Dialogue\MyStoryScript.yarn,ForcingTheDoor,87,892f01f1,Line metadata: lastline,
nl,line:063bdf9,,F:\cmgt projects\interactive\Interactive\InteractiveStorytelling2526\Assets\Dialogue\MyStoryScript.yarn,ForcingTheDoor,88,c04d96ad,,
nl,line:0371756,,F:\cmgt projects\interactive\Interactive\InteractiveStorytelling2526\Assets\Dialogue\MyStoryScript.yarn,ForcingTheDoor,89,dec5597b,,
nl,line:0913b6b,,F:\cmgt projects\interactive\Interactive\InteractiveStorytelling2526\Assets\Dialogue\MyStoryScript.yarn,ForcingTheDoor,90,61f2d5b2,,
nl,line:02411ee,,F:\cmgt projects\interactive\Interactive\InteractiveStorytelling2526\Assets\Dialogue\MyStoryScript.yarn,ForcingTheDoor,91,70854cf1,,
nl,line:0a09310,,F:\cmgt projects\interactive\Interactive\InteractiveStorytelling2526\Assets\Dialogue\MyStoryScript.yarn,ForcingTheDoor,92,de436154,,
nl,line:0e87bcf,,F:\cmgt projects\interactive\Interactive\InteractiveStorytelling2526\Assets\Dialogue\MyStoryScript.yarn,ForcingTheDoor,93,1f34ad42,,
nl,line:017d060,,F:\cmgt projects\interactive\Interactive\InteractiveStorytelling2526\Assets\Dialogue\MyStoryScript.yarn,ForcingTheDoor,94,dec5597b,,
nl,line:080c4c6,,F:\cmgt projects\interactive\Interactive\InteractiveStorytelling2526\Assets\Dialogue\MyStoryScript.yarn,ForcingTheDoor,95,61f2d5b2,,
nl,line:052af3e,,F:\cmgt projects\interactive\Interactive\InteractiveStorytelling2526\Assets\Dialogue\MyStoryScript.yarn,ForcingTheDoor,96,70854cf1,,
nl,line:02eef63,,F:\cmgt projects\interactive\Interactive\InteractiveStorytelling2526\Assets\Dialogue\MyStoryScript.yarn,ForcingTheDoor,97,de436154,,
nl,line:0dae314,,F:\cmgt projects\interactive\Interactive\InteractiveStorytelling2526\Assets\Dialogue\MyStoryScript.yarn,Try_Help_Kickin,105,3faa9f66,,
nl,line:04550db,,F:\cmgt projects\interactive\Interactive\InteractiveStorytelling2526\Assets\Dialogue\MyStoryScript.yarn,Try_Help_Kickin,105,63830f90,,
nl,line:0e5e759,,F:\cmgt projects\interactive\Interactive\InteractiveStorytelling2526\Assets\Dialogue\MyStoryScript.yarn,Try_Help_Kickin,108,e54d488a,,
nl,line:019a3cf,,F:\cmgt projects\interactive\Interactive\InteractiveStorytelling2526\Assets\Dialogue\MyStoryScript.yarn,Try_Help_Kickin,109,605844b7,,
nl,line:095ffc1,,F:\cmgt projects\interactive\Interactive\InteractiveStorytelling2526\Assets\Dialogue\MyStoryScript.yarn,Try_Help_Kickin,110,94478285,,
nl,line:0a53332,,F:\cmgt projects\interactive\Interactive\InteractiveStorytelling2526\Assets\Dialogue\MyStoryScript.yarn,Try_Help_Kickin,111,7295cb7a,,
nl,line:08f3f99,,F:\cmgt projects\interactive\Interactive\InteractiveStorytelling2526\Assets\Dialogue\MyStoryScript.yarn,Try_Help_Kickin,112,8b5c0480,,
nl,line:043111e,,F:\cmgt projects\interactive\Interactive\InteractiveStorytelling2526\Assets\Dialogue\MyStoryScript.yarn,Try_Help_Kickin,113,846fa22d,,
nl,line:0892d4f,,F:\cmgt projects\interactive\Interactive\InteractiveStorytelling2526\Assets\Dialogue\MyStoryScript.yarn,Interact_Camera,121,19b3d98a,,
nl,line:0684be1,,F:\cmgt projects\interactive\Interactive\InteractiveStorytelling2526\Assets\Dialogue\MyStoryScript.yarn,Interact_Camera,123,41685be4,,
nl,line:0957877,,F:\cmgt projects\interactive\Interactive\InteractiveStorytelling2526\Assets\Dialogue\MyStoryScript.yarn,Interact_Camera,126,94ba6679,,
nl,line:006b9b4,,F:\cmgt projects\interactive\Interactive\InteractiveStorytelling2526\Assets\Dialogue\MyStoryScript.yarn,Interact_Camera,127,d300b181,,
nl,line:03203ad,,F:\cmgt projects\interactive\Interactive\InteractiveStorytelling2526\Assets\Dialogue\MyStoryScript.yarn,Interact_Camera,128,2e2c6148,,
nl,line:070aa44,,F:\cmgt projects\interactive\Interactive\InteractiveStorytelling2526\Assets\Dialogue\MyStoryScript.yarn,Interact_Camera,129,2f5d3d17,,
nl,line:0ad0e18,,F:\cmgt projects\interactive\Interactive\InteractiveStorytelling2526\Assets\Dialogue\MyStoryScript.yarn,Interact_Camera,130,0b46b4c9,,
nl,line:03818df,,F:\cmgt projects\interactive\Interactive\InteractiveStorytelling2526\Assets\Dialogue\MyStoryScript.yarn,Interact_Camera,131,8f845477,,
nl,line:039feec,,F:\cmgt projects\interactive\Interactive\InteractiveStorytelling2526\Assets\Dialogue\MyStoryScript.yarn,Interact_Camera,132,1aa24292,,
nl,line:08e576d,,F:\cmgt projects\interactive\Interactive\InteractiveStorytelling2526\Assets\Dialogue\MyStoryScript.yarn,LockPick_Door,143,f650a7fe,,
nl,line:0c3b830,,F:\cmgt projects\interactive\Interactive\InteractiveStorytelling2526\Assets\Dialogue\MyStoryScript.yarn,Hallway,155,a71a72b3,,
nl,line:06bb1c6,(NEEDS UPDATE) ,F:\cmgt projects\interactive\Interactive\InteractiveStorytelling2526\Assets\Dialogue\MyStoryScript.yarn,Hallway,156,d6713e0a,,
nl,line:0af46e0,,F:\cmgt projects\interactive\Interactive\InteractiveStorytelling2526\Assets\Dialogue\MyStoryScript.yarn,Hallway,157,fbe1e9f9,,
nl,line:0c04d08,(NEEDS UPDATE) ,F:\cmgt projects\interactive\Interactive\InteractiveStorytelling2526\Assets\Dialogue\MyStoryScript.yarn,Hallway,158,26c74d19,,
nl,line:0fa838f,,F:\cmgt projects\interactive\Interactive\InteractiveStorytelling2526\Assets\Dialogue\MyStoryScript.yarn,Hallway,158,64f90f1a,,
nl,line:06fc1a5,,F:\cmgt projects\interactive\Interactive\InteractiveStorytelling2526\Assets\Dialogue\MyStoryScript.yarn,Hallway,159,b5ea43ea,,
nl,line:0e9fd1b,,F:\cmgt projects\interactive\Interactive\InteractiveStorytelling2526\Assets\Dialogue\MyStoryScript.yarn,Hallway,160,6826f136,Line metadata: lastline,
nl,line:0bb4148,,F:\cmgt projects\interactive\Interactive\InteractiveStorytelling2526\Assets\Dialogue\MyStoryScript.yarn,Hallway,161,ce8792a7,,
nl,line:00f5c81,,F:\cmgt projects\interactive\Interactive\InteractiveStorytelling2526\Assets\Dialogue\MyStoryScript.yarn,Hallway,162,70d2aedb,,
nl,line:0531a6a,,F:\cmgt projects\interactive\Interactive\InteractiveStorytelling2526\Assets\Dialogue\MyStoryScript.yarn,Hallway,163,ef1e1f1b,,
nl,line:0f70564,,F:\cmgt projects\interactive\Interactive\InteractiveStorytelling2526\Assets\Dialogue\MyStoryScript.yarn,Hallway,166,71f9ba6a,,
nl,line:04b0478,,F:\cmgt projects\interactive\Interactive\InteractiveStorytelling2526\Assets\Dialogue\MyStoryScript.yarn,Hallway,167,9d7e70d0,,
nl,line:0833b6c,,F:\cmgt projects\interactive\Interactive\InteractiveStorytelling2526\Assets\Dialogue\MyStoryScript.yarn,Hallway,168,8bbe8c79,,
nl,line:059b68f,,F:\cmgt projects\interactive\Interactive\InteractiveStorytelling2526\Assets\Dialogue\MyStoryScript.yarn,Hallway,172,389aa043,,
nl,line:07f2d21,,F:\cmgt projects\interactive\Interactive\InteractiveStorytelling2526\Assets\Dialogue\MyStoryScript.yarn,Hallway,173,761cc49f,,
nl,line:0b6b36b,,F:\cmgt projects\interactive\Interactive\InteractiveStorytelling2526\Assets\Dialogue\MyStoryScript.yarn,Hallway,176,c6422a8f,,
nl,line:0eb0d52,,F:\cmgt projects\interactive\Interactive\InteractiveStorytelling2526\Assets\Dialogue\MyStoryScript.yarn,Hallway,177,43c9ea5d,,
nl,line:0bde711,,F:\cmgt projects\interactive\Interactive\InteractiveStorytelling2526\Assets\Dialogue\MyStoryScript.yarn,Hallway,178,8bbe8c79,,
nl,line:0c5a87b,,F:\cmgt projects\interactive\Interactive\InteractiveStorytelling2526\Assets\Dialogue\MyStoryScript.yarn,Control_Room_Without,202,51679c29,,
nl,line:0483a0e,,F:\cmgt projects\interactive\Interactive\InteractiveStorytelling2526\Assets\Dialogue\MyStoryScript.yarn,Control_Room_Without,203,1b052db7,Line metadata: lastline,
nl,line:08c8c09,,F:\cmgt projects\interactive\Interactive\InteractiveStorytelling2526\Assets\Dialogue\MyStoryScript.yarn,Control_Room_Without,205,e5861b06,,
nl,line:095bb18,,F:\cmgt projects\interactive\Interactive\InteractiveStorytelling2526\Assets\Dialogue\MyStoryScript.yarn,Control_Room_Without,209,ebca24dc,,
nl,line:024de79,,F:\cmgt projects\interactive\Interactive\InteractiveStorytelling2526\Assets\Dialogue\MyStoryScript.yarn,Control_Room_With,230,658a5054,,
nl,line:066b0c5,(NEEDS UPDATE) ,F:\cmgt projects\interactive\Interactive\InteractiveStorytelling2526\Assets\Dialogue\MyStoryScript.yarn,Control_Room_With,231,50e4452f,,
nl,line:0866f79,,F:\cmgt projects\interactive\Interactive\InteractiveStorytelling2526\Assets\Dialogue\MyStoryScript.yarn,Control_Room_With,232,c7668d5f,,
nl,line:0983119,,F:\cmgt projects\interactive\Interactive\InteractiveStorytelling2526\Assets\Dialogue\MyStoryScript.yarn,Control_Room_With,233,5a4c62d6,Line metadata: lastline,
nl,line:0f814b5,,F:\cmgt projects\interactive\Interactive\InteractiveStorytelling2526\Assets\Dialogue\MyStoryScript.yarn,Control_Room_With,234,13ae8527,,
nl,line:088c564,,F:\cmgt projects\interactive\Interactive\InteractiveStorytelling2526\Assets\Dialogue\MyStoryScript.yarn,Control_Room_With,235,1291da92,,
nl,line:0b06a1c,,F:\cmgt projects\interactive\Interactive\InteractiveStorytelling2526\Assets\Dialogue\MyStoryScript.yarn,Control_Room_With,236,ca27ff41,,
nl,line:031ba4c,,F:\cmgt projects\interactive\Interactive\InteractiveStorytelling2526\Assets\Dialogue\MyStoryScript.yarn,Control_Room_With,237,241faec1,,
nl,line:0c66d12,,F:\cmgt projects\interactive\Interactive\InteractiveStorytelling2526\Assets\Dialogue\MyStoryScript.yarn,Control_Room_With,238,3521a9eb,,
nl,line:0e42d53,,F:\cmgt projects\interactive\Interactive\InteractiveStorytelling2526\Assets\Dialogue\MyStoryScript.yarn,Control_Room_With,239,e5359d6a,Line metadata: lastline,
nl,line:0ebf90f,,F:\cmgt projects\interactive\Interactive\InteractiveStorytelling2526\Assets\Dialogue\MyStoryScript.yarn,Control_Room_With,240,e5861b06,,
nl,line:0669424,,F:\cmgt projects\interactive\Interactive\InteractiveStorytelling2526\Assets\Dialogue\MyStoryScript.yarn,Control_Room_With,245,ebca24dc,,
nl,line:05a2461,,F:\cmgt projects\interactive\Interactive\InteractiveStorytelling2526\Assets\Dialogue\MyStoryScript.yarn,Control_Room_With,247,e5861b06,,
nl,line:0541830,,F:\cmgt projects\interactive\Interactive\InteractiveStorytelling2526\Assets\Dialogue\MyStoryScript.yarn,Control_Room_With,252,ebca24dc,,
nl,line:01512ff,,F:\cmgt projects\interactive\Interactive\InteractiveStorytelling2526\Assets\Dialogue\MyStoryScript.yarn,Breakroom,259,1fc08a7a,,
nl,line:0a3685e,,F:\cmgt projects\interactive\Interactive\InteractiveStorytelling2526\Assets\Dialogue\MyStoryScript.yarn,help_the_young_person,278,592813aa,,
nl,line:06ea25a,,F:\cmgt projects\interactive\Interactive\InteractiveStorytelling2526\Assets\Dialogue\MyStoryScript.yarn,help_the_young_person,279,9ccbb0f0,,
nl,line:06b216f,,F:\cmgt projects\interactive\Interactive\InteractiveStorytelling2526\Assets\Dialogue\MyStoryScript.yarn,help_the_young_person,280,7a753220,,
nl,line:0fbea3d,,F:\cmgt projects\interactive\Interactive\InteractiveStorytelling2526\Assets\Dialogue\MyStoryScript.yarn,help_the_young_person,281,6f5e3e43,,
nl,line:05e6286,,F:\cmgt projects\interactive\Interactive\InteractiveStorytelling2526\Assets\Dialogue\MyStoryScript.yarn,help_the_young_person,282,2fce2f9a,,
nl,line:086a33f,,F:\cmgt projects\interactive\Interactive\InteractiveStorytelling2526\Assets\Dialogue\MyStoryScript.yarn,help_the_young_person,283,ae866283,,
nl,line:05218c7,,F:\cmgt projects\interactive\Interactive\InteractiveStorytelling2526\Assets\Dialogue\MyStoryScript.yarn,help_the_young_person,284,9ca97875,Line metadata: lastline,
nl,line:0983a35,,F:\cmgt projects\interactive\Interactive\InteractiveStorytelling2526\Assets\Dialogue\MyStoryScript.yarn,help_the_young_person,285,20b581f2,,
nl,line:0f80ca5,,F:\cmgt projects\interactive\Interactive\InteractiveStorytelling2526\Assets\Dialogue\MyStoryScript.yarn,help_the_young_person,286,eacdf98a,,
nl,line:005f1e3,,F:\cmgt projects\interactive\Interactive\InteractiveStorytelling2526\Assets\Dialogue\MyStoryScript.yarn,help_the_young_person,288,cc0bcb59,,
nl,line:00e9552,,F:\cmgt projects\interactive\Interactive\InteractiveStorytelling2526\Assets\Dialogue\MyStoryScript.yarn,help_the_young_person,290,4135aa9d,,
nl,line:0164b56,,F:\cmgt projects\interactive\Interactive\InteractiveStorytelling2526\Assets\Dialogue\MyStoryScript.yarn,help_the_young_person,292,90dcdd34,,
nl,line:0500649,,F:\cmgt projects\interactive\Interactive\InteractiveStorytelling2526\Assets\Dialogue\MyStoryScript.yarn,help_the_young_person,293,94e7eeee,,
nl,line:046f65b,,F:\cmgt projects\interactive\Interactive\InteractiveStorytelling2526\Assets\Dialogue\MyStoryScript.yarn,help_the_young_person,295,4135aa9d,,
nl,line:0b2c333,,F:\cmgt projects\interactive\Interactive\InteractiveStorytelling2526\Assets\Dialogue\MyStoryScript.yarn,AfterNameChoice,304,6733d0a7,,
nl,line:0e7659c,,F:\cmgt projects\interactive\Interactive\InteractiveStorytelling2526\Assets\Dialogue\MyStoryScript.yarn,AfterNameChoice,305,ab41a935,,
nl,line:0efded1,,F:\cmgt projects\interactive\Interactive\InteractiveStorytelling2526\Assets\Dialogue\MyStoryScript.yarn,AfterNameChoice,308,876ba3a9,,
nl,line:0ad72e2,,F:\cmgt projects\interactive\Interactive\InteractiveStorytelling2526\Assets\Dialogue\MyStoryScript.yarn,help_the_doctor,319,fd06dbf9,,
nl,line:0f89c54,,F:\cmgt projects\interactive\Interactive\InteractiveStorytelling2526\Assets\Dialogue\MyStoryScript.yarn,help_the_doctor,320,7ab63474,,
nl,line:09ed9b6,,F:\cmgt projects\interactive\Interactive\InteractiveStorytelling2526\Assets\Dialogue\MyStoryScript.yarn,help_the_doctor,321,745caee9,,
nl,line:0050101,,F:\cmgt projects\interactive\Interactive\InteractiveStorytelling2526\Assets\Dialogue\MyStoryScript.yarn,help_the_doctor,322,dfae59ed,,
nl,line:028d766,,F:\cmgt projects\interactive\Interactive\InteractiveStorytelling2526\Assets\Dialogue\MyStoryScript.yarn,help_the_doctor,323,4dfede5f,,
nl,line:0281bef,,F:\cmgt projects\interactive\Interactive\InteractiveStorytelling2526\Assets\Dialogue\MyStoryScript.yarn,help_the_doctor,324,33be9e37,,
nl,line:077acf0,,F:\cmgt projects\interactive\Interactive\InteractiveStorytelling2526\Assets\Dialogue\MyStoryScript.yarn,help_the_doctor,325,adb5fcf5,,
nl,line:06137b7,,F:\cmgt projects\interactive\Interactive\InteractiveStorytelling2526\Assets\Dialogue\MyStoryScript.yarn,help_the_doctor,326,f73f7c3d,,
nl,line:00ad72b,,F:\cmgt projects\interactive\Interactive\InteractiveStorytelling2526\Assets\Dialogue\MyStoryScript.yarn,help_the_doctor,327,4289dd1f,,
nl,line:0dda235,,F:\cmgt projects\interactive\Interactive\InteractiveStorytelling2526\Assets\Dialogue\MyStoryScript.yarn,help_the_doctor,328,c6e56179,,
nl,line:08cad58,,F:\cmgt projects\interactive\Interactive\InteractiveStorytelling2526\Assets\Dialogue\MyStoryScript.yarn,help_the_doctor,329,101c1389,,
nl,line:012d810,,F:\cmgt projects\interactive\Interactive\InteractiveStorytelling2526\Assets\Dialogue\MyStoryScript.yarn,help_the_doctor,334,876ba3a9,,
nl,line:05f0b69,,F:\cmgt projects\interactive\Interactive\InteractiveStorytelling2526\Assets\Dialogue\MyStoryScript.yarn,help_the_old_guy,344,fd06dbf9,,
nl,line:01ca748,,F:\cmgt projects\interactive\Interactive\InteractiveStorytelling2526\Assets\Dialogue\MyStoryScript.yarn,help_the_old_guy,345,8f72b790,,
nl,line:0ff922d,,F:\cmgt projects\interactive\Interactive\InteractiveStorytelling2526\Assets\Dialogue\MyStoryScript.yarn,help_the_old_guy,347,6d32ac16,,
nl,line:02b14f1,,F:\cmgt projects\interactive\Interactive\InteractiveStorytelling2526\Assets\Dialogue\MyStoryScript.yarn,help_the_old_guy,348,61da2fea,,
nl,line:0a1a06b,,F:\cmgt projects\interactive\Interactive\InteractiveStorytelling2526\Assets\Dialogue\MyStoryScript.yarn,help_the_old_guy,349,0f9e6f0a,,
nl,line:047a4f3,,F:\cmgt projects\interactive\Interactive\InteractiveStorytelling2526\Assets\Dialogue\MyStoryScript.yarn,help_the_old_guy,350,b37174d1,,
nl,line:04f44b6,,F:\cmgt projects\interactive\Interactive\InteractiveStorytelling2526\Assets\Dialogue\MyStoryScript.yarn,help_the_old_guy,351,ae1cabc8,,
nl,line:05a870c,,F:\cmgt projects\interactive\Interactive\InteractiveStorytelling2526\Assets\Dialogue\MyStoryScript.yarn,help_the_old_guy,352,ce6c992a,,
nl,line:04c4fd0,,F:\cmgt projects\interactive\Interactive\InteractiveStorytelling2526\Assets\Dialogue\MyStoryScript.yarn,help_the_old_guy,353,31981df7,,
nl,line:02e2983,,F:\cmgt projects\interactive\Interactive\InteractiveStorytelling2526\Assets\Dialogue\MyStoryScript.yarn,find_the_old_man,368,d0fe4cef,,
nl,line:00f17d9,,F:\cmgt projects\interactive\Interactive\InteractiveStorytelling2526\Assets\Dialogue\MyStoryScript.yarn,find_the_old_man,369,8b3809b3,,
nl,line:0d2c5b2,,F:\cmgt projects\interactive\Interactive\InteractiveStorytelling2526\Assets\Dialogue\MyStoryScript.yarn,find_the_old_man,370,15fa20e5,,
nl,line:0ce768f,,F:\cmgt projects\interactive\Interactive\InteractiveStorytelling2526\Assets\Dialogue\MyStoryScript.yarn,find_the_old_man,371,9629de26,,
nl,line:08e62d3,,F:\cmgt projects\interactive\Interactive\InteractiveStorytelling2526\Assets\Dialogue\MyStoryScript.yarn,Open_Door,386,3bda18cc,,
nl,line:0923f36,,F:\cmgt projects\interactive\Interactive\InteractiveStorytelling2526\Assets\Dialogue\MyStoryScript.yarn,Open_Door,388,e8ed9fd9,,
nl,line:0e97f62,,F:\cmgt projects\interactive\Interactive\InteractiveStorytelling2526\Assets\Dialogue\MyStoryScript.yarn,Open_Door,393,6a618757,Line metadata: lastline,
nl,line:0727a0d,,F:\cmgt projects\interactive\Interactive\InteractiveStorytelling2526\Assets\Dialogue\MyStoryScript.yarn,Open_Door,394,de2732c4,,
nl,line:06063d3,,F:\cmgt projects\interactive\Interactive\InteractiveStorytelling2526\Assets\Dialogue\MyStoryScript.yarn,Open_Door,396,695105b7,,
nl,line:0eac3f1,,F:\cmgt projects\interactive\Interactive\InteractiveStorytelling2526\Assets\Dialogue\MyStoryScript.yarn,project_shift,408,2220489d,,
nl,line:013a9df,,F:\cmgt projects\interactive\Interactive\InteractiveStorytelling2526\Assets\Dialogue\MyStoryScript.yarn,project_shift,409,2e85e891,,
nl,line:0fcc7b7,,F:\cmgt projects\interactive\Interactive\InteractiveStorytelling2526\Assets\Dialogue\MyStoryScript.yarn,project_shift,410,ffae46ae,,
nl,line:0fc1a3d,,F:\cmgt projects\interactive\Interactive\InteractiveStorytelling2526\Assets\Dialogue\MyStoryScript.yarn,project_shift,411,f5523cb5,,
nl,line:0b92141,,F:\cmgt projects\interactive\Interactive\InteractiveStorytelling2526\Assets\Dialogue\MyStoryScript.yarn,project_shift,412,abb52757,Line metadata: lastline,
nl,line:061880d,,F:\cmgt projects\interactive\Interactive\InteractiveStorytelling2526\Assets\Dialogue\MyStoryScript.yarn,project_shift,414,afcded9e,,
nl,line:0b53e7a,,F:\cmgt projects\interactive\Interactive\InteractiveStorytelling2526\Assets\Dialogue\MyStoryScript.yarn,project_shift,416,863fabad,,
nl,line:01011fe,,F:\cmgt projects\interactive\Interactive\InteractiveStorytelling2526\Assets\Dialogue\MyStoryScript.yarn,project_shift,417,cae707d9,,
nl,line:07a90f8,,F:\cmgt projects\interactive\Interactive\InteractiveStorytelling2526\Assets\Dialogue\MyStoryScript.yarn,project_shift,419,f3b24e6a,,
nl,line:046866b,,F:\cmgt projects\interactive\Interactive\InteractiveStorytelling2526\Assets\Dialogue\MyStoryScript.yarn,project_shift,421,d1b434cb,,
nl,line:0f3747e,,F:\cmgt projects\interactive\Interactive\InteractiveStorytelling2526\Assets\Dialogue\MyStoryScript.yarn,project_shift,423,afcded9e,,
nl,line:09ab285,,F:\cmgt projects\interactive\Interactive\InteractiveStorytelling2526\Assets\Dialogue\MyStoryScript.yarn,project_shift,425,a676288d,,
nl,line:0538b5b,,F:\cmgt projects\interactive\Interactive\InteractiveStorytelling2526\Assets\Dialogue\MyStoryScript.yarn,project_shift,427,7519b822,,
nl,line:0a9010a,,F:\cmgt projects\interactive\Interactive\InteractiveStorytelling2526\Assets\Dialogue\MyStoryScript.yarn,project_shift,429,afcded9e,,
nl,line:0c56b6f,,F:\cmgt projects\interactive\Interactive\InteractiveStorytelling2526\Assets\Dialogue\MyStoryScript.yarn,project_shift,431,863fabad,,
nl,line:0856224,,F:\cmgt projects\interactive\Interactive\InteractiveStorytelling2526\Assets\Dialogue\MyStoryScript.yarn,project_shift,432,cae707d9,,
nl,line:099013c,,F:\cmgt projects\interactive\Interactive\InteractiveStorytelling2526\Assets\Dialogue\MyStoryScript.yarn,project_shift,434,f3b24e6a,,
nl,line:0e94a9a,,F:\cmgt projects\interactive\Interactive\InteractiveStorytelling2526\Assets\Dialogue\MyStoryScript.yarn,project_shift,436,d1b434cb,,
nl,line:00f0325,,F:\cmgt projects\interactive\Interactive\InteractiveStorytelling2526\Assets\Dialogue\MyStoryScript.yarn,project_shift,438,afcded9e,,
nl,line:0eb3665,,F:\cmgt projects\interactive\Interactive\InteractiveStorytelling2526\Assets\Dialogue\MyStoryScript.yarn,project_shift,440,9d55ad7f,,
nl,line:0ae65dd,,F:\cmgt projects\interactive\Interactive\InteractiveStorytelling2526\Assets\Dialogue\MyStoryScript.yarn,project_shift,441,316598b4,,
nl,line:0ff5167,(NEEDS UPDATE) ,F:\cmgt projects\interactive\Interactive\InteractiveStorytelling2526\Assets\Dialogue\MyStoryScript.yarn,colapse_ending,449,7d61575c,,
nl,line:0637e7c,,F:\cmgt projects\interactive\Interactive\InteractiveStorytelling2526\Assets\Dialogue\MyStoryScript.yarn,colapse_ending,450,bcf249aa,,
nl,line:08cde8f,,F:\cmgt projects\interactive\Interactive\InteractiveStorytelling2526\Assets\Dialogue\MyStoryScript.yarn,colapse_ending,451,c5c17a99,,
nl,line:0a38f00,,F:\cmgt projects\interactive\Interactive\InteractiveStorytelling2526\Assets\Dialogue\MyStoryScript.yarn,colapse_ending,452,35a20309,,
nl,line:07f495f,,F:\cmgt projects\interactive\Interactive\InteractiveStorytelling2526\Assets\Dialogue\MyStoryScript.yarn,colapse_ending,453,ea5ba94f,,
nl,line:0e9847b,,F:\cmgt projects\interactive\Interactive\InteractiveStorytelling2526\Assets\Dialogue\MyStoryScript.yarn,colapse_ending,454,aff62601,,
nl,line:0cc1404,,F:\cmgt projects\interactive\Interactive\InteractiveStorytelling2526\Assets\Dialogue\MyStoryScript.yarn,colapse_ending,455,360b357e,,
nl,line:0368a71,,F:\cmgt projects\interactive\Interactive\InteractiveStorytelling2526\Assets\Dialogue\MyStoryScript.yarn,colapse_ending,457,bf8bc4ce,,
nl,line:09a7492,,F:\cmgt projects\interactive\Interactive\InteractiveStorytelling2526\Assets\Dialogue\MyStoryScript.yarn,white_room_ending,463,a84f38ad,,
nl,line:095dcb8,,F:\cmgt projects\interactive\Interactive\InteractiveStorytelling2526\Assets\Dialogue\MyStoryScript.yarn,white_room_ending,464,7dc6d61f,,
nl,line:08e2d8e,,F:\cmgt projects\interactive\Interactive\InteractiveStorytelling2526\Assets\Dialogue\MyStoryScript.yarn,white_room_ending,465,44b65d29,,
nl,line:0eebdaa,,F:\cmgt projects\interactive\Interactive\InteractiveStorytelling2526\Assets\Dialogue\MyStoryScript.yarn,white_room_ending,466,68362907,,
nl,line:0aa7357,,F:\cmgt projects\interactive\Interactive\InteractiveStorytelling2526\Assets\Dialogue\MyStoryScript.yarn,white_room_ending,471,58da8280,,
nl,line:0f2de43,,F:\cmgt projects\interactive\Interactive\InteractiveStorytelling2526\Assets\Dialogue\MyStoryScript.yarn,white_room_ending,472,a9c908cd,,
nl,line:0790379,,F:\cmgt projects\interactive\Interactive\InteractiveStorytelling2526\Assets\Dialogue\MyStoryScript.yarn,white_room_ending,473,149621d9,,
nl,line:0161059,,F:\cmgt projects\interactive\Interactive\InteractiveStorytelling2526\Assets\Dialogue\MyStoryScript.yarn,white_room_ending,474,9568f544,,
nl,line:062f12b,,F:\cmgt projects\interactive\Interactive\InteractiveStorytelling2526\Assets\Dialogue\MyStoryScript.yarn,white_room_ending,475,2834ebed,,
nl,line:0638606,,F:\cmgt projects\interactive\Interactive\InteractiveStorytelling2526\Assets\Dialogue\MyStoryScript.yarn,white_room_ending,476,bf8bc4ce,,
nl,line:09e0a1f,,F:\cmgt projects\interactive\Interactive\InteractiveStorytelling2526\Assets\Dialogue\MyStoryScript.yarn,To_Exit_With_Everyone,488,bc9eae92,,
nl,line:075d677,,F:\cmgt projects\interactive\Interactive\InteractiveStorytelling2526\Assets\Dialogue\MyStoryScript.yarn,To_Exit_With_Everyone,489,d0b89428,,
nl,line:0918e6d,,F:\cmgt projects\interactive\Interactive\InteractiveStorytelling2526\Assets\Dialogue\MyStoryScript.yarn,To_Exit_With_Everyone,490,2419193f,,
nl,line:0cd13fa,,F:\cmgt projects\interactive\Interactive\InteractiveStorytelling2526\Assets\Dialogue\MyStoryScript.yarn,Interact_Exit_Door,495,c0305e62,,
nl,line:008be4b,,F:\cmgt projects\interactive\Interactive\InteractiveStorytelling2526\Assets\Dialogue\MyStoryScript.yarn,Interact_Exit_Door,496,6fb2d87c,Line metadata: lastline,
nl,line:067128d,,F:\cmgt projects\interactive\Interactive\InteractiveStorytelling2526\Assets\Dialogue\MyStoryScript.yarn,Interact_Exit_Door,497,f043b12f,,
nl,line:0b19d4b,,F:\cmgt projects\interactive\Interactive\InteractiveStorytelling2526\Assets\Dialogue\MyStoryScript.yarn,Interact_Exit_Door,498,016319d5,,
nl,line:0da9e27,,F:\cmgt projects\interactive\Interactive\InteractiveStorytelling2526\Assets\Dialogue\MyStoryScript.yarn,empty_ending,516,f4a5019a,,
nl,line:06616ce,,F:\cmgt projects\interactive\Interactive\InteractiveStorytelling2526\Assets\Dialogue\MyStoryScript.yarn,empty_ending,518,893065ee,,
nl,line:00d5a42,,F:\cmgt projects\interactive\Interactive\InteractiveStorytelling2526\Assets\Dialogue\MyStoryScript.yarn,empty_ending,519,13ac47d5,,
nl,line:049146b,,F:\cmgt projects\interactive\Interactive\InteractiveStorytelling2526\Assets\Dialogue\MyStoryScript.yarn,empty_ending,520,68b4250a,,
nl,line:0f56197,,F:\cmgt projects\interactive\Interactive\InteractiveStorytelling2526\Assets\Dialogue\MyStoryScript.yarn,empty_ending,521,604e98d9,,
nl,line:0a8f49c,,F:\cmgt projects\interactive\Interactive\InteractiveStorytelling2526\Assets\Dialogue\MyStoryScript.yarn,empty_ending,522,f0826e72,,
nl,line:0da7c3c,,F:\cmgt projects\interactive\Interactive\InteractiveStorytelling2526\Assets\Dialogue\MyStoryScript.yarn,empty_ending,523,bf8bc4ce,,
